{
  "Lemahsugih": [
    -7.003722136580132,
    108.19370873040964
  ],
  "Bantarujeg": [
    -6.965792343487821,
    108.2438545141965
  ],
  "Cikijing": [
    -7.008620641482155,
    108.36226498832904
  ],
  "Talaga": [
    -6.966018295354121,
    108.34479756641147
  ],
  "Argapura": [
    -6.898132656387936,
    108.3418824325578
  ],
  "Maja": [
    -6.904982542696262,
    108.26891126032407
  ],
  "Majalengka": [
    -6.848298283954406,
    108.2289594007605
  ],
  "Sukahaji": [
    -6.811785971591871,
    108.29722388793475
  ],
  "Rajagaluh": [
    -6.821834049798345,
    108.36067605252107
  ],
  "Leuwimunding": [
    -6.743222260747494,
    108.33366030758425
  ],
  "Jatiwangi": [
    -6.743402644849272,
    108.2564335739634
  ],
  "Dawuan": [
    -6.7287480929130465,
    108.20770806005645
  ],
  "Kadipaten": [
    -6.761816209125658,
    108.18395523319946
  ],
  "Kertajati": [
    -6.63380580950559,
    108.11761470056071
  ],
  "Jatitujuh": [
    -6.6400601549225815,
    108.22465048583145
  ],
  "Ligung": [
    -6.662800297731558,
    108.27831188015249
  ],
  "Sumberjaya": [
    -6.6903446269399645,
    108.32831259112264
  ],
  "Panyingkiran": [
    -6.811011734507794,
    108.18431562455659
  ],
  "Palasah": [
    -6.745635895315764,
    108.30058240992014
  ],
  "Cigasong": [
    -6.8158813518867145,
    108.24903239563506
  ],
  "Sindangwangi": [
    -6.812152896507463,
    108.38298894320423
  ],
  "Banjaran": [
    -6.95206322462916,
    108.33454607245227
  ],
  "Cingambul": [
    -7.037386304345405,
    108.34877249639
  ],
  "Kasokandel": [
    -6.779483851357985,
    108.22159568290719
  ],
  "Sindang": [
    -6.844814079535619,
    108.32485121163627
  ],
  "Malausma": [
    -7.02460393363236,
    108.2278213345867
  ]
}